ColaCola	123HarrisonSt	jack@colacola.com
HaloTech	412FirstSt	jane@halotech.com
HBAcademy	616SutterSt	joe@hbacademy.com
TownMobile	200BrannanSt	admin@townmobile.com
SanBrunoCable	709JonesSt	mike@sanbrunocable.com
TechAcademy	1001LindenAve	hrcomments@techacademy.com
SubwayMobile	302MarketSt	subwaymobile@subwaymobile.com